Model,CV_Mean_Accuracy,CV_Std_Accuracy,CV_Min_Accuracy,CV_Max_Accuracy
Decision Tree,0.673827155449782,0.01620320988135409,0.6433408577878104,0.6968325791855203
Naive Bayes,0.6878394941932321,0.017912106756944116,0.6606334841628959,0.7171945701357466
Random Forest,0.762425564078731,0.015671539543991732,0.7330316742081447,0.7923250564334086
AdaBoost,0.7646910717751243,0.013038091591059767,0.7352941176470589,0.7805429864253394
XGBoost,0.7762274904752664,0.009744781496286336,0.7607223476297968,0.7918552036199095
Neural Network,0.7554273107054942,0.014386877012806954,0.7420814479638009,0.7787810383747178
