Model,Method,Num_Features,Accuracy,Precision,Recall,F1
Deep Learning Attention,ANOVA F-test,20,0.7661016949152543,0.7545431455766165,0.7661016949152543,0.7566285466368398
